edgeID,startNode,endNode
FHALL00101_WHALL00101,FHALL00101,WHALL00101
FHALL00101_FHALL00201,FHALL00101,FHALL00201
FHALL00201_FSTAI00101,FHALL00201,FSTAI00101
FHALL00301_FEXIT00101,FHALL00301,FEXIT00101
FHALL00201_FHALL00301,FHALL00201,FHALL00301
FHALL00301_FHALL00401,FHALL00301,FHALL00401
FRET00101_FHALL00401,FRETL00101,FHALL00401
FHALL00401_FHALL00501,FHALL00401,FHALL00501
FHALL00501_FSERV00101,FHALL00501,FSERV00101
FHALL00601_FHALL00501,FHALL00601,FHALL00501
WELEV00L01_FHALL00601,WELEV00L01,FHALL00601
FHALL00701_WELEV00L01,FHALL00701,WELEV00L01
FHALL00801_FHALL00701,FHALL00801,FHALL00701
FHALL00901_FHALL00801,FHALL00901,FHALL00801
FHALL00901_FHALL01301,FHALL00901,FHALL01301
FHALL01001_FHALL01301,FHALL01001,FHALL01301
FSTAI00201_FHALL01001,FSTAI00201,FHALL01001
FHALL01101_FHALL00901,FHALL01101,FHALL00901
FDEPT00101_FHALL01301,FDEPT00101,FHALL01301
FHALL01201_FHALL01101,FHALL01201,FHALL01101
FHALL01401_FHALL01101,FHALL01401,FHALL01101
FHALL01401_FSERV00201,FHALL01401,FSERV00201
FHALL01501_FHALL01401,FHALL01501,FHALL01401
FHALL01601_FHALL01501,FHALL01601,FHALL01501
FSERV00401_FHALL01701,FSERV00401,FHALL01701
FDEPT00301_FHALL01701,FDEPT00301,FHALL01701
FHALL01701_FHALL01801,FHALL01701,FHALL01801
FHALL01801_FHALL00701,FHALL01801,FHALL00701
FHALL01801_FHALL03201,FHALL01801,FHALL03201
FHALL01901_FHALL01601,FHALL01901,FHALL01601
FDEPT00201_FHALL02001,FDEPT00201,FHALL02001
FSERV00301_FHALL02001,FSERV00301,FHALL02001
FHALL01901_FHALL02001,FHALL01901,FHALL02001
FHALL01901_FHALL02101,FHALL01901,FHALL02101
FDEPT00401_FHALL02101,FDEPT00401,FHALL02101
FHALL02201_FHALL02101,FHALL02201,FHALL02101
FHALL02201_WELEV00M01,FHALL02201,WELEV00M01
WELEV00M01_FHALL02301,WELEV00M01,FHALL02301
FLABS00101_FHALL02301,FLABS00101,FHALL02301
FHALL02301_FHALL02401,FHALL02301,FHALL02401
FHALL02401_FHALL02501,FHALL02401,FHALL02501
FSTAI00301_FHALL02501,FSTAI00301,FHALL02501
FHALL02601_FHALL03101,FHALL02601,FHALL03101
FHALL02501_FHALL02601,FHALL02501,FHALL02601
FHALL02701_FHALL02601,FHALL02701,FHALL02601
FHALL02201_FHALL02801,FHALL02201,FHALL02801
FHALL02801_FEXIT00201,FHALL02801,FEXIT00201
FHALL02901_FHALL002801,FHALL02901,FHALL02801
FHALL02901_FINFO00101,FHALL02901,FINFO00101
FSERV00501_FHALL02901,FSERV00501,FHALL02901
FSERV00501_FHALL03001,FSERV00501,FHALL03001
FRETL00201_FHALL03001,FRETL00201,FHALL03001
FHALL03101_FHALL00201,FHALL03101,FHALL00201
FHALL03101_FREST00101,FHALL03101,FREST00101
FDEPT00501_FEXIT00301,FDEPT00501,FEXIT00301
FHALL03201_FHALL01601,FHALL03201,FHALL01601
FHALL03201_FDEPT00601,FHALL03201,FDEPT00601
FHALL02701_FHALL03301,FHALL02701,FHALL03301
FHALL03301_FDEPT00501,FHALL03301,FDEPT00501
